#队伍编号,未设置队伍
#评审时间,2026-06-07 16:26:41
#NTP服务器,ntp.aliyun.com
#NTP已同步,是
#NTP同步时刻,2026-06-07 15:31:57
#随机种子,6455062
#总分,39.0
序号,时间(NTP),测试编号,步骤描述,相关参数,下发帧原文,下发帧解析,收回帧原文,收回帧解析,得分,满分,结果
1,2026-06-07 16:23:05.205,A-01,发送广播寻找设备,,A5B6FFFF05FFFF00021C10B6A5,心跳 命令字=0xFFFF,A5B6CB17058888000259D9B6A5,心跳帧,0.0,0.0,--
2,2026-06-07 16:23:05.205,A-01,发送广播寻找设备(字符串),,,,A5B6CB17058888000259D9B6A5,A5B6CB17058888000259D9B6A5,1.0,1.0,通过
3,2026-06-07 16:23:05.912,A-02,发送重启命令,,A5B6CB1701010100022FD3B6A5,命令 命令字=0x0101,A5B6CB170201010102FF2E7FB6A5,执行成功(OK),0.0,0.0,--
4,2026-06-07 16:23:05.912,A-02,发送重启命令(字符串),,,,A5B6CB170201010102FF2E7FB6A5,A5B6CB170201010102FF2E7FB6A5,1.0,1.0,通过
5,2026-06-07 16:23:10.869,A-03,等待重启后心跳帧,,,,A5B6CB17058888000259D9B6A5,心跳帧,0.0,0.0,--
6,2026-06-07 16:23:10.869,A-03,等待重启后心跳帧(字符串),,,,A5B6CB17058888000259D9B6A5,A5B6CB17058888000259D9B6A5,1.0,1.0,通过
7,2026-06-07 16:23:11.574,B-01,发送查询固件版本,,A5B6CB1701010400022EC3B6A5,命令 命令字=0x0104,A5B6CB170201040402020001001149B6A5,固件版本: 2.0.1.0,0.0,0.0,--
8,2026-06-07 16:23:11.574,B-01,发送查询固件版本(字符串),,,,A5B6CB170201040402020001001149B6A5,A5B6CB170201040402020001001149B6A5,1.0,1.0,通过
9,2026-06-07 16:23:12.277,B-02,发送查询设备时间,,A5B6CB170101060002EE62B6A5,命令 命令字=0x0106,A5B6CB1702010604026A252A6FA639B6A5,设备时间: 2026-06-07 16:23:11,0.0,0.0,--
10,2026-06-07 16:23:12.277,B-02,发送查询设备时间(字符串),,,,A5B6CB1702010604026A252A6FA639B6A5,A5B6CB1702010604026A252A6FA639B6A5,1.0,1.0,通过
11,2026-06-07 16:23:12.985,B-03,发送查询波特率,,A5B6CB170101120002EA22B6A5,命令 命令字=0x0112,A5B6CB17020112010213277AB6A5,波特率: 19200 bps,0.0,0.0,--
12,2026-06-07 16:23:12.985,B-03,发送查询波特率(字符串),,,,A5B6CB17020112010213277AB6A5,A5B6CB17020112010213277AB6A5,1.0,1.0,通过
13,2026-06-07 16:23:13.686,B-04,发送查询CH0,,A5B6CB1701020100026BD3B6A5,命令 命令字=0x0201,A5B6CB170202010402459FC400CE2BB6A5,CH0=5112.5000,0.0,0.0,--
14,2026-06-07 16:23:13.686,B-04,发送查询CH0(字符串),,,,A5B6CB170202010402459FC400CE2BB6A5,A5B6CB170202010402459FC400CE2BB6A5,1.0,1.0,通过
15,2026-06-07 16:23:14.387,B-05,发送查询CH1,,A5B6CB1701020200026B23B6A5,命令 命令字=0x0202,A5B6CB17020202040246001000A477B6A5,CH1=8196.0000,0.0,0.0,--
16,2026-06-07 16:23:14.388,B-05,发送查询CH1(字符串),,,,A5B6CB17020202040246001000A477B6A5,A5B6CB17020202040246001000A477B6A5,1.0,1.0,通过
17,2026-06-07 16:23:15.104,B-06,发送批量读取阈值(0x0400),,A5B6CB1701040000022382B6A5,命令 命令字=0x0400,A5B6CB170204000802457F700045CCCCCD0C1FB6A5,"CH0阈值=4087.0000, CH1阈值=6553.6000",0.0,0.0,--
18,2026-06-07 16:23:15.104,B-06,发送批量读取阈值(0x0400)(字符串),,,,A5B6CB170204000802457F700045CCCCCD0C1FB6A5,A5B6CB170204000802457F700045CCCCCD0C1FB6A5,0.0,0.0,--
19,2026-06-07 16:23:15.807,B-06,发送读取CH0阈值(0x0401),,A5B6CB170104010002E3D3B6A5,命令 命令字=0x0401,A5B6CB170204010402457F700012DDB6A5,CH0阈值=4087.0000,0.0,0.0,--
20,2026-06-07 16:23:15.807,B-06,发送读取CH0阈值(0x0401)(字符串),,,,A5B6CB170204010402457F700012DDB6A5,A5B6CB170204010402457F700012DDB6A5,0.0,0.0,--
21,2026-06-07 16:23:16.523,B-06,发送读取CH1阈值(0x0402),,A5B6CB170104020002E323B6A5,命令 命令字=0x0402,A5B6CB17020402040245CCCCCDA0AEB6A5,CH1阈值=6553.6000,0.0,0.0,--
22,2026-06-07 16:23:16.523,B-06,发送读取CH1阈值(0x0402)(字符串),,,,A5B6CB17020402040245CCCCCDA0AEB6A5,A5B6CB17020402040245CCCCCDA0AEB6A5,1.0,1.0,通过
23,2026-06-07 16:23:17.227,C-01,发送设置时间,T_set=1780820596,A5B6CB1701010504026A252A745D5EB6A5,命令 命令字=0x0105,A5B6CB170201050102FF1E7EB6A5,执行成功(OK),0.0,0.0,--
24,2026-06-07 16:23:17.227,C-01,发送设置时间(字符串),T_set=1780820596,,,A5B6CB170201050102FF1E7EB6A5,A5B6CB170201050102FF1E7EB6A5,0.0,0.0,--
25,2026-06-07 16:23:17.930,C-01,发送查询时间,T_set=1780820596,A5B6CB170101060002EE62B6A5,命令 命令字=0x0106,A5B6CB1702010604026A252A74AD79B6A5,设备时间: 2026-06-07 16:23:16,0.0,0.0,--
26,2026-06-07 16:23:17.930,C-01,发送查询时间(字符串),T_set=1780820596,,,A5B6CB1702010604026A252A74AD79B6A5,A5B6CB1702010604026A252A74AD79B6A5,1.0,1.0,通过
27,2026-06-07 16:23:18.646,D-00,设置DAC=2048(预备),dac=2048,A5B6CB1701030102020800761BB6A5,命令 命令字=0x0301,A5B6CB170203010102FFEE06B6A5,执行成功(OK),0.0,0.0,--
28,2026-06-07 16:23:18.646,D-00,设置DAC=2048(预备)(字符串),dac=2048,,,A5B6CB170203010102FFEE06B6A5,A5B6CB170203010102FFEE06B6A5,0.0,0.0,--
29,2026-06-07 16:23:19.850,D-00,读取CH1数据(1/1),,A5B6CB1701020200026B23B6A5,命令 命令字=0x0202,A5B6CB17020202040246000000647AB6A5,CH1=8192.0000,0.0,0.0,--
30,2026-06-07 16:23:19.850,D-00,读取CH1数据(1/1)(字符串),,,,A5B6CB17020202040246000000647AB6A5,A5B6CB17020202040246000000647AB6A5,0.0,0.0,--
31,2026-06-07 16:23:20.069,D-00,"DAC预备完成, 读CH1留痕","dac=2048, ch1=8192.00",,,,"DAC设置成功, CH1=8192.00",0.0,0.0,--
32,2026-06-07 16:23:20.786,D-01,设置CH0变比=1.0,k=1.0,A5B6CB1701024104023F800000E404B6A5,命令 命令字=0x0241,A5B6CB170202410102FFEE2EB6A5,执行成功(OK),0.0,0.0,--
33,2026-06-07 16:23:20.786,D-01,设置CH0变比=1.0(字符串),k=1.0,,,A5B6CB170202410102FFEE2EB6A5,A5B6CB170202410102FFEE2EB6A5,0.0,0.0,--
34,2026-06-07 16:23:21.804,D-01,读取CH0数据(1/3),,A5B6CB1701020100026BD3B6A5,命令 命令字=0x0201,A5B6CB170202010402457FA000F800B6A5,CH0=4090.0000,0.0,0.0,--
35,2026-06-07 16:23:21.804,D-01,读取CH0数据(1/3)(字符串),,,,A5B6CB170202010402457FA000F800B6A5,A5B6CB170202010402457FA000F800B6A5,0.0,0.0,--
36,2026-06-07 16:23:22.718,D-01,读取CH0数据(2/3),,A5B6CB1701020100026BD3B6A5,命令 命令字=0x0201,A5B6CB170202010402457FA000F800B6A5,CH0=4090.0000,0.0,0.0,--
37,2026-06-07 16:23:22.718,D-01,读取CH0数据(2/3)(字符串),,,,A5B6CB170202010402457FA000F800B6A5,A5B6CB170202010402457FA000F800B6A5,0.0,0.0,--
38,2026-06-07 16:23:23.623,D-01,读取CH0数据(3/3),,A5B6CB1701020100026BD3B6A5,命令 命令字=0x0201,A5B6CB170202010402457FA000F800B6A5,CH0=4090.0000,0.0,0.0,--
39,2026-06-07 16:23:23.623,D-01,读取CH0数据(3/3)(字符串),,,,A5B6CB170202010402457FA000F800B6A5,A5B6CB170202010402457FA000F800B6A5,0.0,0.0,--
40,2026-06-07 16:23:24.530,D-01,设置CH0变比=2.5,k0=2.5,A5B6CB17010241040240200000121DB6A5,命令 命令字=0x0241,A5B6CB170202410102FFEE2EB6A5,执行成功(OK),0.0,0.0,--
41,2026-06-07 16:23:24.530,D-01,设置CH0变比=2.5(字符串),k0=2.5,,,A5B6CB170202410102FFEE2EB6A5,A5B6CB170202410102FFEE2EB6A5,0.0,0.0,--
42,2026-06-07 16:23:25.538,D-01,读取CH0数据(1/3),,A5B6CB1701020100026BD3B6A5,命令 命令字=0x0201,A5B6CB170202010402461FC400622AB6A5,CH0=10225.0000,0.0,0.0,--
43,2026-06-07 16:23:25.538,D-01,读取CH0数据(1/3)(字符串),,,,A5B6CB170202010402461FC400622AB6A5,A5B6CB170202010402461FC400622AB6A5,0.0,0.0,--
44,2026-06-07 16:23:26.448,D-01,读取CH0数据(2/3),,A5B6CB1701020100026BD3B6A5,命令 命令字=0x0201,A5B6CB170202010402461FBA00C20BB6A5,CH0=10222.5000,0.0,0.0,--
45,2026-06-07 16:23:26.448,D-01,读取CH0数据(2/3)(字符串),,,,A5B6CB170202010402461FBA00C20BB6A5,A5B6CB170202010402461FBA00C20BB6A5,0.0,0.0,--
46,2026-06-07 16:23:27.356,D-01,读取CH0数据(3/3),,A5B6CB1701020100026BD3B6A5,命令 命令字=0x0201,A5B6CB170202010402461FBA00C20BB6A5,CH0=10222.5000,0.0,0.0,--
47,2026-06-07 16:23:27.356,D-01,读取CH0数据(3/3)(字符串),,,,A5B6CB170202010402461FBA00C20BB6A5,A5B6CB170202010402461FBA00C20BB6A5,1.0,1.0,通过
48,2026-06-07 16:23:28.260,D-02,设置CH1变比=1.0,k=1.0,A5B6CB1701024204023F800000E437B6A5,命令 命令字=0x0242,A5B6CB170202420102FFAA2EB6A5,执行成功(OK),0.0,0.0,--
49,2026-06-07 16:23:28.260,D-02,设置CH1变比=1.0(字符串),k=1.0,,,A5B6CB170202420102FFAA2EB6A5,A5B6CB170202420102FFAA2EB6A5,0.0,0.0,--
50,2026-06-07 16:23:29.286,D-02,读取CH1数据(1/3),,A5B6CB1701020200026B23B6A5,命令 命令字=0x0202,A5B6CB17020202040245001000E077B6A5,CH1=2049.0000,0.0,0.0,--
51,2026-06-07 16:23:29.286,D-02,读取CH1数据(1/3)(字符串),,,,A5B6CB17020202040245001000E077B6A5,A5B6CB17020202040245001000E077B6A5,0.0,0.0,--
52,2026-06-07 16:23:30.199,D-02,读取CH1数据(2/3),,A5B6CB1701020200026B23B6A5,命令 命令字=0x0202,A5B6CB17020202040245000000207AB6A5,CH1=2048.0000,0.0,0.0,--
53,2026-06-07 16:23:30.199,D-02,读取CH1数据(2/3)(字符串),,,,A5B6CB17020202040245000000207AB6A5,A5B6CB17020202040245000000207AB6A5,0.0,0.0,--
54,2026-06-07 16:23:31.110,D-02,读取CH1数据(3/3),,A5B6CB1701020200026B23B6A5,命令 命令字=0x0202,A5B6CB17020202040245001000E077B6A5,CH1=2049.0000,0.0,0.0,--
55,2026-06-07 16:23:31.110,D-02,读取CH1数据(3/3)(字符串),,,,A5B6CB17020202040245001000E077B6A5,A5B6CB17020202040245001000E077B6A5,0.0,0.0,--
56,2026-06-07 16:23:32.021,D-02,设置CH1变比=1.5,k1=1.5,A5B6CB1701024204023FC000003036B6A5,命令 命令字=0x0242,A5B6CB170202420102FFAA2EB6A5,执行成功(OK),0.0,0.0,--
57,2026-06-07 16:23:32.021,D-02,设置CH1变比=1.5(字符串),k1=1.5,,,A5B6CB170202420102FFAA2EB6A5,A5B6CB170202420102FFAA2EB6A5,0.0,0.0,--
58,2026-06-07 16:23:33.042,D-02,读取CH1数据(1/3),,A5B6CB1701020200026B23B6A5,命令 命令字=0x0202,A5B6CB17020202040245401800F471B6A5,CH1=3073.5000,0.0,0.0,--
59,2026-06-07 16:23:33.042,D-02,读取CH1数据(1/3)(字符串),,,,A5B6CB17020202040245401800F471B6A5,A5B6CB17020202040245401800F471B6A5,0.0,0.0,--
60,2026-06-07 16:23:33.950,D-02,读取CH1数据(2/3),,A5B6CB1701020200026B23B6A5,命令 命令字=0x0202,A5B6CB17020202040245401800F471B6A5,CH1=3073.5000,0.0,0.0,--
61,2026-06-07 16:23:33.950,D-02,读取CH1数据(2/3)(字符串),,,,A5B6CB17020202040245401800F471B6A5,A5B6CB17020202040245401800F471B6A5,0.0,0.0,--
62,2026-06-07 16:23:34.858,D-02,读取CH1数据(3/3),,A5B6CB1701020200026B23B6A5,命令 命令字=0x0202,A5B6CB17020202040245401800F471B6A5,CH1=3073.5000,0.0,0.0,--
63,2026-06-07 16:23:34.858,D-02,读取CH1数据(3/3)(字符串),,,,A5B6CB17020202040245401800F471B6A5,A5B6CB17020202040245401800F471B6A5,1.0,1.0,通过
64,2026-06-07 16:23:35.778,E-01,读取CH0数据(1/1),,A5B6CB1701020100026BD3B6A5,命令 命令字=0x0201,A5B6CB170202010402461FC400622AB6A5,CH0=10225.0000,0.0,0.0,--
65,2026-06-07 16:23:35.778,E-01,读取CH0数据(1/1)(字符串),,,,A5B6CB170202010402461FC400622AB6A5,A5B6CB170202010402461FC400622AB6A5,0.0,0.0,--
66,2026-06-07 16:23:36.686,E-01,写入CH0阈值,th0=8180.0000,A5B6CB17010411040245FFA0000B84B6A5,命令 命令字=0x0411,A5B6CB170204110102FFEEB7B6A5,执行成功(OK),0.0,0.0,--
67,2026-06-07 16:23:36.686,E-01,写入CH0阈值(字符串),th0=8180.0000,,,A5B6CB170204110102FFEEB7B6A5,A5B6CB170204110102FFEEB7B6A5,0.0,0.0,--
68,2026-06-07 16:23:37.402,E-01,读取CH0阈值(0x0401),th0=8180.0000,A5B6CB170104010002E3D3B6A5,命令 命令字=0x0401,A5B6CB17020401040245FFA0003A81B6A5,CH0阈值=8180.0000,0.0,0.0,--
69,2026-06-07 16:23:37.402,E-01,读取CH0阈值(0x0401)(字符串),th0=8180.0000,,,A5B6CB17020401040245FFA0003A81B6A5,A5B6CB17020401040245FFA0003A81B6A5,0.0,0.0,--
70,2026-06-07 16:23:38.107,E-01,读取批量阈值(0x0400),th0=8180.0000,A5B6CB1701040000022382B6A5,命令 命令字=0x0400,A5B6CB17020400080245FFA00045CCCCCD548DB6A5,"CH0阈值=8180.0000, CH1阈值=6553.6000",0.0,0.0,--
71,2026-06-07 16:23:38.108,E-01,读取批量阈值(0x0400)(字符串),th0=8180.0000,,,A5B6CB17020400080245FFA00045CCCCCD548DB6A5,A5B6CB17020400080245FFA00045CCCCCD548DB6A5,1.0,1.0,通过
72,2026-06-07 16:23:38.811,E-02,读取CH1数据(1/1),,A5B6CB1701020200026B23B6A5,命令 命令字=0x0202,A5B6CB17020202040245400000F47BB6A5,CH1=3072.0000,0.0,0.0,--
73,2026-06-07 16:23:38.811,E-02,读取CH1数据(1/1)(字符串),,,,A5B6CB17020202040245400000F47BB6A5,A5B6CB17020202040245400000F47BB6A5,0.0,0.0,--
74,2026-06-07 16:23:39.719,E-02,写入CH1阈值,th1=2457.6000,A5B6CB1701041204024519999AC7C4B6A5,命令 命令字=0x0412,A5B6CB170204120102FFAAB7B6A5,执行成功(OK),0.0,0.0,--
75,2026-06-07 16:23:39.719,E-02,写入CH1阈值(字符串),th1=2457.6000,,,A5B6CB170204120102FFAAB7B6A5,A5B6CB170204120102FFAAB7B6A5,0.0,0.0,--
76,2026-06-07 16:23:40.425,E-02,读取CH1阈值(0x0402),th1=2457.6000,A5B6CB170104020002E323B6A5,命令 命令字=0x0402,A5B6CB1702040204024519999AF6C1B6A5,CH1阈值=2457.6000,0.0,0.0,--
77,2026-06-07 16:23:40.425,E-02,读取CH1阈值(0x0402)(字符串),th1=2457.6000,,,A5B6CB1702040204024519999AF6C1B6A5,A5B6CB1702040204024519999AF6C1B6A5,0.0,0.0,--
78,2026-06-07 16:23:41.130,E-02,读取批量阈值(0x0400),th1=2457.6000,A5B6CB1701040000022382B6A5,命令 命令字=0x0400,A5B6CB17020400080245FFA0004519999A02E2B6A5,"CH0阈值=8180.0000, CH1阈值=2457.6000",0.0,0.0,--
79,2026-06-07 16:23:41.130,E-02,读取批量阈值(0x0400)(字符串),th1=2457.6000,,,A5B6CB17020400080245FFA0004519999A02E2B6A5,A5B6CB17020400080245FFA0004519999A02E2B6A5,1.0,1.0,通过
80,2026-06-07 16:23:41.834,F-01,发送重启命令,,A5B6CB1701010100022FD3B6A5,命令 命令字=0x0101,A5B6CB170201010102FF2E7FB6A5,执行成功(OK),0.0,0.0,--
81,2026-06-07 16:23:41.834,F-01,发送重启命令(字符串),,,,A5B6CB170201010102FF2E7FB6A5,A5B6CB170201010102FF2E7FB6A5,0.0,0.0,--
82,2026-06-07 16:23:46.954,F-01,等待重启后心跳,,,,A5B6CB17058888000259D9B6A5,心跳帧,0.0,0.0,--
83,2026-06-07 16:23:46.954,F-01,等待重启后心跳(字符串),,,,A5B6CB17058888000259D9B6A5,A5B6CB17058888000259D9B6A5,0.0,0.0,--
84,2026-06-07 16:23:47.656,F-01,读取CH0数据(1/3),,A5B6CB1701020100026BD3B6A5,命令 命令字=0x0201,A5B6CB170202010402461FCE00C22CB6A5,CH0=10227.5000,0.0,0.0,--
85,2026-06-07 16:23:47.656,F-01,读取CH0数据(1/3)(字符串),,,,A5B6CB170202010402461FCE00C22CB6A5,A5B6CB170202010402461FCE00C22CB6A5,0.0,0.0,--
86,2026-06-07 16:23:48.562,F-01,读取CH0数据(2/3),,A5B6CB1701020100026BD3B6A5,命令 命令字=0x0201,A5B6CB170202010402461FC400622AB6A5,CH0=10225.0000,0.0,0.0,--
87,2026-06-07 16:23:48.562,F-01,读取CH0数据(2/3)(字符串),,,,A5B6CB170202010402461FC400622AB6A5,A5B6CB170202010402461FC400622AB6A5,0.0,0.0,--
88,2026-06-07 16:23:49.469,F-01,读取CH0数据(3/3),,A5B6CB1701020100026BD3B6A5,命令 命令字=0x0201,A5B6CB170202010402461FC400622AB6A5,CH0=10225.0000,0.0,0.0,--
89,2026-06-07 16:23:49.469,F-01,读取CH0数据(3/3)(字符串),,,,A5B6CB170202010402461FC400622AB6A5,A5B6CB170202010402461FC400622AB6A5,1.0,1.0,通过
90,2026-06-07 16:23:50.372,F-02,读取CH1数据(1/3),,A5B6CB1701020200026B23B6A5,命令 命令字=0x0202,A5B6CB17020202040245400000F47BB6A5,CH1=3072.0000,0.0,0.0,--
91,2026-06-07 16:23:50.372,F-02,读取CH1数据(1/3)(字符串),,,,A5B6CB17020202040245400000F47BB6A5,A5B6CB17020202040245400000F47BB6A5,0.0,0.0,--
92,2026-06-07 16:23:51.280,F-02,读取CH1数据(2/3),,A5B6CB1701020200026B23B6A5,命令 命令字=0x0202,A5B6CB17020202040245401800F471B6A5,CH1=3073.5000,0.0,0.0,--
93,2026-06-07 16:23:51.280,F-02,读取CH1数据(2/3)(字符串),,,,A5B6CB17020202040245401800F471B6A5,A5B6CB17020202040245401800F471B6A5,0.0,0.0,--
94,2026-06-07 16:23:52.188,F-02,读取CH1数据(3/3),,A5B6CB1701020200026B23B6A5,命令 命令字=0x0202,A5B6CB17020202040245400000F47BB6A5,CH1=3072.0000,0.0,0.0,--
95,2026-06-07 16:23:52.188,F-02,读取CH1数据(3/3)(字符串),,,,A5B6CB17020202040245400000F47BB6A5,A5B6CB17020202040245400000F47BB6A5,1.0,1.0,通过
96,2026-06-07 16:23:53.101,F-03,读取CH0阈值,th0=8180.0000,A5B6CB170104010002E3D3B6A5,命令 命令字=0x0401,A5B6CB17020401040245FFA0003A81B6A5,CH0阈值=8180.0000,0.0,0.0,--
97,2026-06-07 16:23:53.101,F-03,读取CH0阈值(字符串),th0=8180.0000,,,A5B6CB17020401040245FFA0003A81B6A5,A5B6CB17020401040245FFA0003A81B6A5,1.0,1.0,通过
98,2026-06-07 16:23:53.806,F-04,读取CH1阈值,th1=2457.6000,A5B6CB170104020002E323B6A5,命令 命令字=0x0402,A5B6CB1702040204024519999AF6C1B6A5,CH1阈值=2457.6000,0.0,0.0,--
99,2026-06-07 16:23:53.806,F-04,读取CH1阈值(字符串),th1=2457.6000,,,A5B6CB1702040204024519999AF6C1B6A5,A5B6CB1702040204024519999AF6C1B6A5,1.0,1.0,通过
100,2026-06-07 16:23:54.511,G-01,设置DAC=2048,dac_a=2048,A5B6CB1701030102020800761BB6A5,命令 命令字=0x0301,A5B6CB170203010102FFEE06B6A5,执行成功(OK),0.0,0.0,--
101,2026-06-07 16:23:54.511,G-01,设置DAC=2048(字符串),dac_a=2048,,,A5B6CB170203010102FFEE06B6A5,A5B6CB170203010102FFEE06B6A5,0.0,0.0,--
102,2026-06-07 16:23:55.725,G-01,读取CH1数据(1/1),,A5B6CB1701020200026B23B6A5,命令 命令字=0x0202,A5B6CB17020202040245400000F47BB6A5,CH1=3072.0000,0.0,0.0,--
103,2026-06-07 16:23:55.726,G-01,读取CH1数据(1/1)(字符串),,,,A5B6CB17020202040245400000F47BB6A5,A5B6CB17020202040245400000F47BB6A5,0.0,0.0,--
104,2026-06-07 16:23:56.649,G-01,设置DAC=3584,dac_b=3584,A5B6CB1701030102020E00D618B6A5,命令 命令字=0x0301,A5B6CB170203010102FFEE06B6A5,执行成功(OK),0.0,0.0,--
105,2026-06-07 16:23:56.649,G-01,设置DAC=3584(字符串),dac_b=3584,,,A5B6CB170203010102FFEE06B6A5,A5B6CB170203010102FFEE06B6A5,0.0,0.0,--
106,2026-06-07 16:23:57.871,G-01,读取CH1数据(1/1),,A5B6CB1701020200026B23B6A5,命令 命令字=0x0202,A5B6CB1702020204024586C40009C9B6A5,CH1=4312.5000,0.0,0.0,--
107,2026-06-07 16:23:57.871,G-01,读取CH1数据(1/1)(字符串),,,,A5B6CB1702020204024586C40009C9B6A5,A5B6CB1702020204024586C40009C9B6A5,1.0,1.0,通过
108,2026-06-07 16:23:58.781,H-01,设置上报间隔=5s,interval=5s,A5B6CB170102610102035C25B6A5,命令 命令字=0x0261,A5B6CB170202610102FF2E25B6A5,执行成功(OK),0.0,0.0,--
109,2026-06-07 16:23:58.781,H-01,设置上报间隔=5s(字符串),interval=5s,,,A5B6CB170202610102FF2E25B6A5,A5B6CB170202610102FF2E25B6A5,1.0,1.0,通过
110,2026-06-07 16:23:59.495,H-01,发送开始自动上报,,A5B6CB1701030200029722B6A5,命令 命令字=0x0302,A5B6CB170203020C026A252A9E461FC400459C18003725B6A5,"时间=16:23:58, CH0=10225.0000, CH1=4995.0000",0.0,0.0,--
111,2026-06-07 16:23:59.495,H-01,发送开始自动上报(字符串),,,,A5B6CB170203020C026A252A9E461FC400459C18003725B6A5,A5B6CB170203020C026A252A9E461FC400459C18003725B6A5,0.0,0.0,--
112,2026-06-07 16:24:04.430,H-01,等待5s上报帧(1/10),,,,A5B6CB170203020C026A252AA3461FD80045A77C00F770B6A5,"时间=16:24:03, CH0=10230.0000, CH1=5359.5000",0.0,0.0,--
113,2026-06-07 16:24:04.430,H-01,等待5s上报帧(1/10)(字符串),,,,A5B6CB170203020C026A252AA3461FD80045A77C00F770B6A5,A5B6CB170203020C026A252AA3461FD80045A77C00F770B6A5,0.0,0.0,--
114,2026-06-07 16:24:09.366,H-01,等待5s上报帧(2/10),,,,A5B6CB170203020C026A252AA8461FCE0045A7E800F16FB6A5,"时间=16:24:08, CH0=10227.5000, CH1=5373.0000",0.0,0.0,--
115,2026-06-07 16:24:09.366,H-01,等待5s上报帧(2/10)(字符串),,,,A5B6CB170203020C026A252AA8461FCE0045A7E800F16FB6A5,A5B6CB170203020C026A252AA8461FCE0045A7E800F16FB6A5,0.0,0.0,--
116,2026-06-07 16:24:14.332,H-01,等待5s上报帧(3/10),,,,A5B6CB170203020C026A252AAD461FCE0045A7F4006158B6A5,"时间=16:24:13, CH0=10227.5000, CH1=5374.5000",0.0,0.0,--
117,2026-06-07 16:24:14.332,H-01,等待5s上报帧(3/10)(字符串),,,,A5B6CB170203020C026A252AAD461FCE0045A7F4006158B6A5,A5B6CB170203020C026A252AAD461FCE0045A7F4006158B6A5,0.0,0.0,--
118,2026-06-07 16:24:19.266,H-01,上报期间发送读ID(预期无应答),,A5B6FFFF010111000201B0B6A5,命令 命令字=0x0111,A5B6CB170203020C026A252AB2461FCE0045A7F40051D4B6A5,"[功能不符] 预期CMD=0x0111, 实收CMD=0x0302; 时间=16:24:18, CH0=10227.5000, CH1=5374.5000",0.0,0.0,--
119,2026-06-07 16:24:20.688,H-01,上报期间发送读ID(预期无应答)(字符串),,,,A5B6CB170203020C026A252AB2461FCE0045A7F40051D4B6A5,A5B6CB170203020C026A252AB2461FCE0045A7F40051D4B6A5,0.0,0.0,--
120,2026-06-07 16:24:20.688,H-01,上报期间发送读ID(预期无应答),,A5B6FFFF010111000201B0B6A5,命令 命令字=0x0111,,超时无应答,0.0,0.0,--
121,2026-06-07 16:24:20.688,H-01,上报期间读ID验证,,,,,设备未应答(正确),1.0,1.0,通过
122,2026-06-07 16:24:24.224,H-01,等待5s上报帧(4/10),,,,A5B6CB170203020C026A252AB7461FCE0045A7F40001EBB6A5,"时间=16:24:23, CH0=10227.5000, CH1=5374.5000",0.0,0.0,--
123,2026-06-07 16:24:24.224,H-01,等待5s上报帧(4/10)(字符串),,,,A5B6CB170203020C026A252AB7461FCE0045A7F40001EBB6A5,A5B6CB170203020C026A252AB7461FCE0045A7F40001EBB6A5,0.0,0.0,--
124,2026-06-07 16:24:29.166,H-01,等待5s上报帧(5/10),,,,A5B6CB170203020C026A252ABC461FD80045A7E8000792B6A5,"时间=16:24:28, CH0=10230.0000, CH1=5373.0000",0.0,0.0,--
125,2026-06-07 16:24:29.166,H-01,等待5s上报帧(5/10)(字符串),,,,A5B6CB170203020C026A252ABC461FD80045A7E8000792B6A5,A5B6CB170203020C026A252ABC461FD80045A7E8000792B6A5,0.0,0.0,--
126,2026-06-07 16:24:34.131,H-01,等待5s上报帧(6/10),,,,A5B6CB170203020C026A252AC1461FC40045A7E80009ADB6A5,"时间=16:24:33, CH0=10225.0000, CH1=5373.0000",0.0,0.0,--
127,2026-06-07 16:24:34.131,H-01,等待5s上报帧(6/10)(字符串),,,,A5B6CB170203020C026A252AC1461FC40045A7E80009ADB6A5,A5B6CB170203020C026A252AC1461FC40045A7E80009ADB6A5,0.0,0.0,--
128,2026-06-07 16:24:39.064,H-01,等待5s上报帧(7/10),,,,A5B6CB170203020C026A252AC6461FCE0045A7E800938BB6A5,"时间=16:24:38, CH0=10227.5000, CH1=5373.0000",0.0,0.0,--
129,2026-06-07 16:24:39.065,H-01,等待5s上报帧(7/10)(字符串),,,,A5B6CB170203020C026A252AC6461FCE0045A7E800938BB6A5,A5B6CB170203020C026A252AC6461FCE0045A7E800938BB6A5,0.0,0.0,--
130,2026-06-07 16:24:43.982,H-01,等待5s上报帧(8/10),,,,A5B6CB170203020C026A252ACB461FCE0045A7E80003D3B6A5,"时间=16:24:43, CH0=10227.5000, CH1=5373.0000",0.0,0.0,--
131,2026-06-07 16:24:43.982,H-01,等待5s上报帧(8/10)(字符串),,,,A5B6CB170203020C026A252ACB461FCE0045A7E80003D3B6A5,A5B6CB170203020C026A252ACB461FCE0045A7E80003D3B6A5,0.0,0.0,--
132,2026-06-07 16:24:48.938,H-01,等待5s上报帧(9/10),,,,A5B6CB170203020C026A252AD0461FCE0045A7E800F36DB6A5,"时间=16:24:48, CH0=10227.5000, CH1=5373.0000",0.0,0.0,--
133,2026-06-07 16:24:48.938,H-01,等待5s上报帧(9/10)(字符串),,,,A5B6CB170203020C026A252AD0461FCE0045A7E800F36DB6A5,A5B6CB170203020C026A252AD0461FCE0045A7E800F36DB6A5,0.0,0.0,--
134,2026-06-07 16:24:53.877,H-01,等待5s上报帧(10/10),,,,A5B6CB170203020C026A252AD5461FD80045A7E8005550B6A5,"时间=16:24:53, CH0=10230.0000, CH1=5373.0000",0.0,0.0,--
135,2026-06-07 16:24:53.877,H-01,等待5s上报帧(10/10)(字符串),,,,A5B6CB170203020C026A252AD5461FD80045A7E8005550B6A5,A5B6CB170203020C026A252AD5461FD80045A7E8005550B6A5,0.0,0.0,--
136,2026-06-07 16:24:53.877,H-01,5s上报收帧统计,收到10/10帧,,,,收到10帧,1.0,1.0,通过
137,2026-06-07 16:24:54.586,H-01,停止自动上报(切换间隔前),,A5B6CB1701030300025773B6A5,命令 命令字=0x0303,A5B6CB170203030102FF5607B6A5,执行成功(OK),0.0,0.0,--
138,2026-06-07 16:24:54.586,H-01,停止自动上报(切换间隔前)(字符串),,,,A5B6CB170203030102FF5607B6A5,A5B6CB170203030102FF5607B6A5,0.0,0.0,--
139,2026-06-07 16:24:55.288,H-01,设置上报间隔=1s,interval=1s,A5B6CB170102610102019DA4B6A5,命令 命令字=0x0261,A5B6CB170202610102FF2E25B6A5,执行成功(OK),0.0,0.0,--
140,2026-06-07 16:24:55.289,H-01,设置上报间隔=1s(字符串),interval=1s,,,A5B6CB170202610102FF2E25B6A5,A5B6CB170202610102FF2E25B6A5,0.0,0.0,--
141,2026-06-07 16:24:55.993,H-01,重新开始自动上报,,A5B6CB1701030200029722B6A5,命令 命令字=0x0302,A5B6CB170203020C026A252AD6461FCE0045A7F400934EB6A5,"时间=16:24:54, CH0=10227.5000, CH1=5374.5000",0.0,0.0,--
142,2026-06-07 16:24:55.993,H-01,重新开始自动上报(字符串),,,,A5B6CB170203020C026A252AD6461FCE0045A7F400934EB6A5,A5B6CB170203020C026A252AD6461FCE0045A7F400934EB6A5,0.0,0.0,--
143,2026-06-07 16:24:56.709,H-01,等待1s上报帧(1/20),,,,A5B6CB170203020C026A252AD7461FCE0045A7F4000343B6A5,"时间=16:24:55, CH0=10227.5000, CH1=5374.5000",0.0,0.0,--
144,2026-06-07 16:24:56.709,H-01,等待1s上报帧(1/20)(字符串),,,,A5B6CB170203020C026A252AD7461FCE0045A7F4000343B6A5,A5B6CB170203020C026A252AD7461FCE0045A7F4000343B6A5,0.0,0.0,--
145,2026-06-07 16:24:57.422,H-01,等待1s上报帧(2/20),,,,A5B6CB170203020C026A252AD8461FCE0045A7E800330AB6A5,"时间=16:24:56, CH0=10227.5000, CH1=5373.0000",0.0,0.0,--
146,2026-06-07 16:24:57.422,H-01,等待1s上报帧(2/20)(字符串),,,,A5B6CB170203020C026A252AD8461FCE0045A7E800330AB6A5,A5B6CB170203020C026A252AD8461FCE0045A7E800330AB6A5,0.0,0.0,--
147,2026-06-07 16:24:58.830,H-01,等待1s上报帧(3/20),,,,A5B6CB170203020C026A252AD9461FCE0045A7E800A307B6A5,"时间=16:24:57, CH0=10227.5000, CH1=5373.0000",0.0,0.0,--
148,2026-06-07 16:24:58.830,H-01,等待1s上报帧(3/20)(字符串),,,,A5B6CB170203020C026A252AD9461FCE0045A7E800A307B6A5,A5B6CB170203020C026A252AD9461FCE0045A7E800A307B6A5,0.0,0.0,--
149,2026-06-07 16:24:59.534,H-01,等待1s上报帧(4/20),,,,A5B6CB170203020C026A252ADA461FCE0045A7E8005313B6A5,"时间=16:24:58, CH0=10227.5000, CH1=5373.0000",0.0,0.0,--
150,2026-06-07 16:24:59.534,H-01,等待1s上报帧(4/20)(字符串),,,,A5B6CB170203020C026A252ADA461FCE0045A7E8005313B6A5,A5B6CB170203020C026A252ADA461FCE0045A7E8005313B6A5,0.0,0.0,--
151,2026-06-07 16:25:00.952,H-01,等待1s上报帧(5/20),,,,A5B6CB170203020C026A252ADB461FCE0045A7E800C31EB6A5,"时间=16:24:59, CH0=10227.5000, CH1=5373.0000",0.0,0.0,--
152,2026-06-07 16:25:00.952,H-01,等待1s上报帧(5/20)(字符串),,,,A5B6CB170203020C026A252ADB461FCE0045A7E800C31EB6A5,A5B6CB170203020C026A252ADB461FCE0045A7E800C31EB6A5,0.0,0.0,--
153,2026-06-07 16:25:01.656,H-01,等待1s上报帧(6/20),,,,A5B6CB170203020C026A252ADC461FC40045A7F4009930B6A5,"时间=16:25:00, CH0=10225.0000, CH1=5374.5000",0.0,0.0,--
154,2026-06-07 16:25:01.656,H-01,等待1s上报帧(6/20)(字符串),,,,A5B6CB170203020C026A252ADC461FC40045A7F4009930B6A5,A5B6CB170203020C026A252ADC461FC40045A7F4009930B6A5,0.0,0.0,--
155,2026-06-07 16:25:02.359,H-01,等待1s上报帧(7/20),,,,A5B6CB170203020C026A252ADD461FCE0045A7E8006335B6A5,"时间=16:25:01, CH0=10227.5000, CH1=5373.0000",0.0,0.0,--
156,2026-06-07 16:25:02.359,H-01,等待1s上报帧(7/20)(字符串),,,,A5B6CB170203020C026A252ADD461FCE0045A7E8006335B6A5,A5B6CB170203020C026A252ADD461FCE0045A7E8006335B6A5,0.0,0.0,--
157,2026-06-07 16:25:03.769,H-01,等待1s上报帧(8/20),,,,A5B6CB170203020C026A252ADE461FCE0045A7DC005337B6A5,"时间=16:25:02, CH0=10227.5000, CH1=5371.5000",0.0,0.0,--
158,2026-06-07 16:25:03.769,H-01,等待1s上报帧(8/20)(字符串),,,,A5B6CB170203020C026A252ADE461FCE0045A7DC005337B6A5,A5B6CB170203020C026A252ADE461FCE0045A7DC005337B6A5,0.0,0.0,--
159,2026-06-07 16:25:04.476,H-01,等待1s上报帧(9/20),,,,A5B6CB170203020C026A252ADF461FC40045A7E800A92CB6A5,"时间=16:25:03, CH0=10225.0000, CH1=5373.0000",0.0,0.0,--
160,2026-06-07 16:25:04.476,H-01,等待1s上报帧(9/20)(字符串),,,,A5B6CB170203020C026A252ADF461FC40045A7E800A92CB6A5,A5B6CB170203020C026A252ADF461FC40045A7E800A92CB6A5,0.0,0.0,--
161,2026-06-07 16:25:05.896,H-01,等待1s上报帧(10/20),,,,A5B6CB170203020C026A252AE0461FC40045A7E8005839B6A5,"时间=16:25:04, CH0=10225.0000, CH1=5373.0000",0.0,0.0,--
162,2026-06-07 16:25:05.896,H-01,等待1s上报帧(10/20)(字符串),,,,A5B6CB170203020C026A252AE0461FC40045A7E8005839B6A5,A5B6CB170203020C026A252AE0461FC40045A7E8005839B6A5,0.0,0.0,--
163,2026-06-07 16:25:06.604,H-01,等待1s上报帧(11/20),,,,A5B6CB170203020C026A252AE1461FC40045A7E800C834B6A5,"时间=16:25:05, CH0=10225.0000, CH1=5373.0000",0.0,0.0,--
164,2026-06-07 16:25:06.604,H-01,等待1s上报帧(11/20)(字符串),,,,A5B6CB170203020C026A252AE1461FC40045A7E800C834B6A5,A5B6CB170203020C026A252AE1461FC40045A7E800C834B6A5,0.0,0.0,--
165,2026-06-07 16:25:08.017,H-01,等待1s上报帧(12/20),,,,A5B6CB170203020C026A252AE2461FCE0045A7E8009220B6A5,"时间=16:25:06, CH0=10227.5000, CH1=5373.0000",0.0,0.0,--
166,2026-06-07 16:25:08.017,H-01,等待1s上报帧(12/20)(字符串),,,,A5B6CB170203020C026A252AE2461FCE0045A7E8009220B6A5,A5B6CB170203020C026A252AE2461FCE0045A7E8009220B6A5,0.0,0.0,--
167,2026-06-07 16:25:08.723,H-01,等待1s上报帧(13/20),,,,A5B6CB170203020C026A252AE3461FCE0045A7F400C225B6A5,"时间=16:25:07, CH0=10227.5000, CH1=5374.5000",0.0,0.0,--
168,2026-06-07 16:25:08.724,H-01,等待1s上报帧(13/20)(字符串),,,,A5B6CB170203020C026A252AE3461FCE0045A7F400C225B6A5,A5B6CB170203020C026A252AE3461FCE0045A7F400C225B6A5,0.0,0.0,--
169,2026-06-07 16:25:09.426,H-01,等待1s上报帧(14/20),,,,A5B6CB170203020C026A252AE4461FC40045A7F4005803B6A5,"时间=16:25:08, CH0=10225.0000, CH1=5374.5000",0.0,0.0,--
170,2026-06-07 16:25:09.426,H-01,等待1s上报帧(14/20)(字符串),,,,A5B6CB170203020C026A252AE4461FC40045A7F4005803B6A5,A5B6CB170203020C026A252AE4461FC40045A7F4005803B6A5,0.0,0.0,--
171,2026-06-07 16:25:10.832,H-01,等待1s上报帧(15/20),,,,A5B6CB170203020C026A252AE5461FC40045A7E8000806B6A5,"时间=16:25:09, CH0=10225.0000, CH1=5373.0000",0.0,0.0,--
172,2026-06-07 16:25:10.833,H-01,等待1s上报帧(15/20)(字符串),,,,A5B6CB170203020C026A252AE5461FC40045A7E8000806B6A5,A5B6CB170203020C026A252AE5461FC40045A7E8000806B6A5,0.0,0.0,--
173,2026-06-07 16:25:11.534,H-01,等待1s上报帧(16/20),,,,A5B6CB170203020C026A252AE6461FCE0045A7E8005212B6A5,"时间=16:25:10, CH0=10227.5000, CH1=5373.0000",0.0,0.0,--
174,2026-06-07 16:25:11.534,H-01,等待1s上报帧(16/20)(字符串),,,,A5B6CB170203020C026A252AE6461FCE0045A7E8005212B6A5,A5B6CB170203020C026A252AE6461FCE0045A7E8005212B6A5,0.0,0.0,--
175,2026-06-07 16:25:12.938,H-01,等待1s上报帧(17/20),,,,A5B6CB170203020C026A252AE7461FBA0045A7E8007615B6A5,"时间=16:25:11, CH0=10222.5000, CH1=5373.0000",0.0,0.0,--
176,2026-06-07 16:25:12.938,H-01,等待1s上报帧(17/20)(字符串),,,,A5B6CB170203020C026A252AE7461FBA0045A7E8007615B6A5,A5B6CB170203020C026A252AE7461FBA0045A7E8007615B6A5,0.0,0.0,--
177,2026-06-07 16:25:13.639,H-01,等待1s上报帧(18/20),,,,A5B6CB170203020C026A252AE8461FC40045A7E800985EB6A5,"时间=16:25:12, CH0=10225.0000, CH1=5373.0000",0.0,0.0,--
178,2026-06-07 16:25:13.639,H-01,等待1s上报帧(18/20)(字符串),,,,A5B6CB170203020C026A252AE8461FC40045A7E800985EB6A5,A5B6CB170203020C026A252AE8461FC40045A7E800985EB6A5,0.0,0.0,--
179,2026-06-07 16:25:15.049,H-01,等待1s上报帧(19/20),,,,A5B6CB170203020C026A252AE9461FC40045A7DC00C845B6A5,"时间=16:25:13, CH0=10225.0000, CH1=5371.5000",0.0,0.0,--
180,2026-06-07 16:25:15.049,H-01,等待1s上报帧(19/20)(字符串),,,,A5B6CB170203020C026A252AE9461FC40045A7DC00C845B6A5,A5B6CB170203020C026A252AE9461FC40045A7DC00C845B6A5,0.0,0.0,--
181,2026-06-07 16:25:15.753,H-01,等待1s上报帧(20/20),,,,A5B6CB170203020C026A252AEA461FBA0045A7E800E64DB6A5,"时间=16:25:14, CH0=10222.5000, CH1=5373.0000",0.0,0.0,--
182,2026-06-07 16:25:15.753,H-01,等待1s上报帧(20/20)(字符串),,,,A5B6CB170203020C026A252AEA461FBA0045A7E800E64DB6A5,A5B6CB170203020C026A252AEA461FBA0045A7E800E64DB6A5,0.0,0.0,--
183,2026-06-07 16:25:15.753,H-01,1s上报收帧统计,收到20/20帧,,,,收到20帧,1.0,1.0,通过
184,2026-06-07 16:25:16.456,H-03,发送停止自动上报,,A5B6CB1701030300025773B6A5,命令 命令字=0x0303,A5B6CB170203030102FF5607B6A5,执行成功(OK),0.0,0.0,--
185,2026-06-07 16:25:16.456,H-03,发送停止自动上报(字符串),,,,A5B6CB170203030102FF5607B6A5,A5B6CB170203030102FF5607B6A5,0.0,0.0,--
186,2026-06-07 16:25:19.463,H-03,监听是否仍有上报,,,,,已停止,1.0,1.0,通过
187,2026-06-07 16:25:20.179,I-01,发送开启主动告警,mode=0x01,A5B6CB170106010102015D4BB6A5,命令 命令字=0x0601,A5B6CB170206010102FFEECAB6A5,执行成功(OK),0.0,0.0,--
188,2026-06-07 16:25:20.179,I-01,发送开启主动告警(异常数据),mode=0x01,,,[非帧数据] 20 26,[数据帧错误] [非帧数据] 20 26,0.0,0.0,--
189,2026-06-07 16:25:20.179,I-01,发送开启主动告警(字符串),mode=0x01,,,A5B6CB170206010102FFEECAB6A52026-06-07 08:25:18 | CH0 | 8180.00 | 10225.002026-06-07 08:25:18 | CH1 | 2457.60 | 5374.50,A5B6CB170206010102FFEECAB6A52026-06-07 08:25:18 | CH0 | 8180.00 | 10225.002026-06-07 08:25:18 | CH1 | 2457.60 | 5374.50,1.0,1.0,通过
190,2026-06-07 16:25:20.885,I-02,设置CH1变比=8.0(放大触发告警),k1=8.0,A5B6CB17010242040241000000242EB6A5,命令 命令字=0x0242,A5B6CB170202420102FFAA2EB6A5,执行成功(OK),0.0,0.0,--
191,2026-06-07 16:25:20.885,I-02,设置CH1变比=8.0(放大触发告警)(字符串),k1=8.0,,,A5B6CB170202420102FFAA2EB6A5,A5B6CB170202420102FFAA2EB6A5,0.0,0.0,--
192,2026-06-07 16:25:21.589,I-02,读取CH1数据(1/1),,A5B6CB1701020200026B23B6A5,命令 命令字=0x0202,A5B6CB17020202040246DFF0009E0FB6A5,CH1=28664.0000,0.0,0.0,--
193,2026-06-07 16:25:21.590,I-02,读取CH1数据(1/1)(字符串),,,,A5B6CB17020202040246DFF0009E0FB6A5,A5B6CB17020202040246DFF0009E0FB6A5,0.0,0.0,--
194,2026-06-07 16:25:22.501,I-02,写入CH1低阈值=14332.00,th1=14332.00,A5B6CB170104120402465FF0006D8BB6A5,命令 命令字=0x0412,A5B6CB170204120102FFAAB7B6A5,执行成功(OK),0.0,0.0,--
195,2026-06-07 16:25:22.501,I-02,写入CH1低阈值=14332.00(字符串),th1=14332.00,,,A5B6CB170204120102FFAAB7B6A5,A5B6CB170204120102FFAAB7B6A5,0.0,0.0,--
196,2026-06-07 16:25:30.622,I-02,查询告警记录(0x0602),,A5B6CB1701060200025B22B6A5,查询告警记录,,,0.0,0.0,--
197,2026-06-07 16:25:32.637,I-02,告警结果,,,,,告警内容: 2026-06-07 08:25:18 | CH1 | 2457.60 | 5374.502026-06-07 08:25:18 | CH0 | 8180.00 | 10225.002026-06-07 08:23:45 | CH1 | 2457.60 | 3075.002026-06-07 08:23:45 | CH0 | 8180.00 | 10227.502026-06-07 08:23:38 | CH1 | 2457.60 | 3073.502026-06-07 08:23:10 | CH1 | 6553.60 | 8200.002026-06-07 08:23:10 | CH0 | 4087.00 | 5113.752026-06-07 08:22:37 | CH1 | 6553.60 | 8196.002026-06-07 08:22:37 | CH0 | 4087.00 | 5098.752026-06-07 07:53:19 | CH1 | 6553.60 | 8196.00,1.0,1.0,通过
198,2026-06-07 16:25:33.344,I-02,恢复CH1变比=1.5,k1=1.5,A5B6CB1701024204023FC000003036B6A5,命令 命令字=0x0242,A5B6CB170202420102FFAA2EB6A5,执行成功(OK),0.0,0.0,--
199,2026-06-07 16:25:33.344,I-02,恢复CH1变比=1.5(字符串),k1=1.5,,,A5B6CB170202420102FFAA2EB6A5,A5B6CB170202420102FFAA2EB6A5,0.0,0.0,--
200,2026-06-07 16:25:34.049,I-02,恢复CH1阈值=2457.6000,th1=2457.6000,A5B6CB1701041204024519999AC7C4B6A5,命令 命令字=0x0412,A5B6CB170204120102FFAAB7B6A5,执行成功(OK),0.0,0.0,--
201,2026-06-07 16:25:34.049,I-02,恢复CH1阈值=2457.6000(异常数据),th1=2457.6000,,,[非帧数据] 20 26,[数据帧错误] [非帧数据] 20 26,0.0,0.0,--
202,2026-06-07 16:25:34.050,I-02,恢复CH1阈值=2457.6000(字符串),th1=2457.6000,,,A5B6CB170204120102FFAAB7B6A52026-06-07 08:25:32 | CH1 | 2457.60 | 5371.50,A5B6CB170204120102FFAAB7B6A52026-06-07 08:25:32 | CH1 | 2457.60 | 5371.50,0.0,0.0,--
203,2026-06-07 16:25:34.767,I-03,发送关闭主动告警,mode=0x02,A5B6CB170106010102025C0BB6A5,命令 命令字=0x0601,A5B6CB170206010102FFEECAB6A5,执行成功(OK),0.0,0.0,--
204,2026-06-07 16:25:34.767,I-03,发送关闭主动告警(字符串),mode=0x02,,,A5B6CB170206010102FFEECAB6A5,A5B6CB170206010102FFEECAB6A5,0.0,0.0,--
205,2026-06-07 16:25:35.474,I-03,设置CH1变比=8.0,k1=8.0,A5B6CB17010242040241000000242EB6A5,命令 命令字=0x0242,A5B6CB170202420102FFAA2EB6A5,执行成功(OK),0.0,0.0,--
206,2026-06-07 16:25:35.474,I-03,设置CH1变比=8.0(字符串),k1=8.0,,,A5B6CB170202420102FFAA2EB6A5,A5B6CB170202420102FFAA2EB6A5,0.0,0.0,--
207,2026-06-07 16:25:36.176,I-03,读取CH1数据(1/1),,A5B6CB1701020200026B23B6A5,命令 命令字=0x0202,A5B6CB17020202040246DFD0005E16B6A5,CH1=28648.0000,0.0,0.0,--
208,2026-06-07 16:25:36.176,I-03,读取CH1数据(1/1)(字符串),,,,A5B6CB17020202040246DFD0005E16B6A5,A5B6CB17020202040246DFD0005E16B6A5,0.0,0.0,--
209,2026-06-07 16:25:37.085,I-03,写入CH1低阈值=14324.00,th1=14324.00,A5B6CB170104120402465FD000AD92B6A5,命令 命令字=0x0412,A5B6CB170204120102FFAAB7B6A5,执行成功(OK),0.0,0.0,--
210,2026-06-07 16:25:37.085,I-03,写入CH1低阈值=14324.00(字符串),th1=14324.00,,,A5B6CB170204120102FFAAB7B6A5,A5B6CB170204120102FFAAB7B6A5,0.0,0.0,--
211,2026-06-07 16:25:40.090,I-03,查询告警记录,,A5B6CB1701060200025B22B6A5,查询告警记录,,,0.0,0.0,--
212,2026-06-07 16:25:42.096,I-03,验证结果,,,,,"主动上报=False, 有记录=True",1.0,1.0,通过
213,2026-06-07 16:25:42.803,I-03,恢复CH1变比=1.5,k1=1.5,A5B6CB1701024204023FC000003036B6A5,命令 命令字=0x0242,A5B6CB170202420102FFAA2EB6A5,执行成功(OK),0.0,0.0,--
214,2026-06-07 16:25:42.803,I-03,恢复CH1变比=1.5(字符串),k1=1.5,,,A5B6CB170202420102FFAA2EB6A5,A5B6CB170202420102FFAA2EB6A5,0.0,0.0,--
215,2026-06-07 16:25:43.507,I-03,恢复CH1阈值=2457.6000,th1=2457.6000,A5B6CB1701041204024519999AC7C4B6A5,命令 命令字=0x0412,A5B6CB170204120102FFAAB7B6A5,执行成功(OK),0.0,0.0,--
216,2026-06-07 16:25:43.507,I-03,恢复CH1阈值=2457.6000(字符串),th1=2457.6000,,,A5B6CB170204120102FFAAB7B6A5,A5B6CB170204120102FFAAB7B6A5,0.0,0.0,--
217,2026-06-07 16:25:44.224,I-04,发送清除告警,,A5B6CB1701060300029B73B6A5,命令 命令字=0x0603,A5B6CB170206030102FF56CBB6A5,执行成功(OK),0.0,0.0,--
218,2026-06-07 16:25:44.224,I-04,发送清除告警(字符串),,,,A5B6CB170206030102FF56CBB6A5,A5B6CB170206030102FF56CBB6A5,0.0,0.0,--
219,2026-06-07 16:25:44.224,I-04,查询告警记录,,A5B6CB1701060200025B22B6A5,查询告警记录,,,0.0,0.0,--
220,2026-06-07 16:25:46.236,I-04,验证清除结果,,,,,返回empty,1.0,1.0,通过
221,2026-06-07 16:25:46.940,J-01,发送睡眠命令,,A5B6CB170103AA000277A3B6A5,命令 命令字=0x03AA,A5B6CB170203AA0102FFCA26B6A5,执行成功(OK),0.0,0.0,--
222,2026-06-07 16:25:46.941,J-01,发送睡眠命令(字符串),,,,A5B6CB170203AA0102FFCA26B6A5,A5B6CB170203AA0102FFCA26B6A5,0.0,0.0,--
223,2026-06-07 16:26:00.629,J-01,唤醒结果,,,,,"OK应答=True, 唤醒字符串=True",1.0,1.0,通过
224,2026-06-07 16:26:00.630,K-01,发送CRC错误帧,,A5B6CB170101040002D1C3B6A5,CRC错误帧(篡改CRC),,,0.0,0.0,--
225,2026-06-07 16:26:01.338,K-01,等待错误应答,,,,A5B6CB17FFEEEE0002DAFFB6A5,"错误应答, 命令字=0xEEEE",0.0,0.0,--
226,2026-06-07 16:26:01.338,K-01,等待错误应答(字符串),,,,A5B6CB17FFEEEE0002DAFFB6A5,A5B6CB17FFEEEE0002DAFFB6A5,1.0,1.0,通过
227,2026-06-07 16:26:01.339,K-02,发送长度错误帧,,A5B6CB1701010405027EC0B6A5,长度字段错误(声称5字节实际0字节),,,0.0,0.0,--
228,2026-06-07 16:26:02.039,K-02,等待错误应答,,,,A5B6CB17FFEEEE0002DAFFB6A5,"错误应答, 命令字=0xEEEE",0.0,0.0,--
229,2026-06-07 16:26:02.039,K-02,等待错误应答(字符串),,,,A5B6CB17FFEEEE0002DAFFB6A5,A5B6CB17FFEEEE0002DAFFB6A5,1.0,1.0,通过
230,2026-06-07 16:26:02.039,K-03,发送非法命令(0x0FFF),,A5B6CB17010FFF000237B0B6A5,非法命令字0x0FFF,,,0.0,0.0,--
231,2026-06-07 16:26:02.751,K-03,等待错误应答,,,,A5B6CB17FFEEEE0002DAFFB6A5,"错误应答, 命令字=0xEEEE",0.0,0.0,--
232,2026-06-07 16:26:02.751,K-03,等待错误应答(字符串),,,,A5B6CB17FFEEEE0002DAFFB6A5,A5B6CB17FFEEEE0002DAFFB6A5,1.0,1.0,通过
233,2026-06-07 16:26:03.467,L-01,设置设备ID=0x9BF3,new_id=0x9BF3,A5B6CB170101A102029BF338B6B6A5,命令 命令字=0x01A1,A5B69BF30201A10102FF1CFCB6A5,执行成功(OK),0.0,0.0,--
234,2026-06-07 16:26:03.467,L-01,设置设备ID=0x9BF3(字符串),new_id=0x9BF3,,,A5B69BF30201A10102FF1CFCB6A5,A5B69BF30201A10102FF1CFCB6A5,0.0,0.0,--
235,2026-06-07 16:26:04.182,L-01,用新ID查询版本,id=0x9BF3,A5B69BF30101040002CF84B6A5,命令 命令字=0x0104,A5B69BF3020104040202000100930DB6A5,固件版本: 2.0.1.0,0.0,0.0,--
236,2026-06-07 16:26:04.182,L-01,用新ID查询版本(字符串),id=0x9BF3,,,A5B69BF3020104040202000100930DB6A5,A5B69BF3020104040202000100930DB6A5,0.0,0.0,--
237,2026-06-07 16:26:04.182,L-01,用旧ID查询版本,old_id=0xCB17,A5B6CB1701010400022EC3B6A5,用旧ID查询(应无响应),,,0.0,0.0,--
238,2026-06-07 16:26:06.684,L-01,验证结果,new_id=0x9BF3,,,,"新ID可用=True, 旧ID响应=False",1.0,1.0,通过
239,2026-06-07 16:26:07.389,L-02,发送重启命令,,A5B69BF30101010002CE94B6A5,命令 命令字=0x0101,A5B69BF30201010102FF1CDEB6A5,执行成功(OK),0.0,0.0,--
240,2026-06-07 16:26:07.389,L-02,发送重启命令(字符串),,,,A5B69BF30201010102FF1CDEB6A5,A5B69BF30201010102FF1CDEB6A5,0.0,0.0,--
241,2026-06-07 16:26:12.498,L-02,等待重启后心跳,,,,A5B69BF30588880002B89EB6A5,心跳帧,0.0,0.0,--
242,2026-06-07 16:26:12.498,L-02,等待重启后心跳(字符串),,,,A5B69BF30588880002B89EB6A5,A5B69BF30588880002B89EB6A5,0.0,0.0,--
243,2026-06-07 16:26:13.213,L-02,广播查询设备ID,,A5B6FFFF010111000201B0B6A5,命令 命令字=0x0111,A5B69BF302011102029BF35A37B6A5,设备ID=0x9BF3,0.0,0.0,--
244,2026-06-07 16:26:13.213,L-02,广播查询设备ID(字符串),,,,A5B69BF302011102029BF35A37B6A5,A5B69BF302011102029BF35A37B6A5,1.0,1.0,通过
245,2026-06-07 16:26:13.916,M-01,设置波特率=115200,baud=115200,A5B69BF30101A201021424BCB6A5,命令 命令字=0x01A2,A5B69BF30201A20102FF58FCB6A5,执行成功(OK),0.0,0.0,--
246,2026-06-07 16:26:13.916,M-01,设置波特率=115200(字符串),baud=115200,,,A5B69BF30201A20102FF58FCB6A5,A5B69BF30201A20102FF58FCB6A5,0.0,0.0,--
247,2026-06-07 16:26:16.438,M-01,切换上位机波特率=115200,baud=115200,,,,串口已切换,0.0,0.0,--
248,2026-06-07 16:26:18.149,M-01,新波特率下查询版本,baud=115200,A5B69BF30101040002CF84B6A5,命令 命令字=0x0104,A5B69BF3020104040202000100930DB6A5,固件版本: 2.0.1.0,0.0,0.0,--
249,2026-06-07 16:26:18.150,M-01,新波特率下查询版本(字符串),baud=115200,,,A5B69BF3020104040202000100930DB6A5,A5B69BF3020104040202000100930DB6A5,1.0,1.0,通过
250,2026-06-07 16:26:18.852,M-02,发送重启命令,,A5B69BF30101010002CE94B6A5,命令 命令字=0x0101,A5B69BF30201010102FF1CDEB6A5,执行成功(OK),0.0,0.0,--
251,2026-06-07 16:26:18.852,M-02,发送重启命令(字符串),,,,A5B69BF30201010102FF1CDEB6A5,A5B69BF30201010102FF1CDEB6A5,0.0,0.0,--
252,2026-06-07 16:26:23.961,M-02,等待重启后心跳,,,,A5B69BF30588880002B89EB6A5,心跳帧,0.0,0.0,--
253,2026-06-07 16:26:23.962,M-02,等待重启后心跳(字符串),,,,A5B69BF30588880002B89EB6A5,A5B69BF30588880002B89EB6A5,1.0,1.0,通过
254,2026-06-07 16:26:24.664,N-01,发送升级请求(0x0501),,A5B69BF30105010002FE95B6A5,命令 命令字=0x0501,A5B69BF30205010102FFDC2FB6A5,执行成功(OK),0.0,0.0,--
255,2026-06-07 16:26:24.664,N-01,发送升级请求(0x0501)(字符串),,,,A5B69BF30205010102FFDC2FB6A5system initApplication Version 2.0.1.0using command to interrupt start Applicationwait for start Application(10s)......,A5B69BF30205010102FFDC2FB6A5system initApplication Version 2.0.1.0using command to interrupt start Applicationwait for start Application(10s)......,0.0,0.0,--
256,2026-06-07 16:26:26.666,N-01,Bootloader初始化信息,,,,,收到初始化信息,1.0,1.0,通过
257,2026-06-07 16:26:26.668,N-02,加载错误固件,大小=6420字节,,,,已加载 config\update01.bin (6420 字节),0.0,0.0,--
258,2026-06-07 16:26:26.668,N-02,发送准备传输(0x0502) [update01.bin(错误)],,A5B69BF30105020002FE65B6A5,准备传输固件,,,0.0,0.0,--
259,2026-06-07 16:26:28.052,N-02,固件数据发送完成 [update01.bin(错误)],大小=6420字节,,,,已发送 6420 字节原始数据,0.0,0.0,--
260,2026-06-07 16:26:28.757,N-02,等待固件校验结果 [update01.bin(错误)],,,,A5B69BF3FF050200022A4CB6A5,"错误应答, 命令字=0x0502",0.0,0.0,--
261,2026-06-07 16:26:28.757,N-02,等待固件校验结果 [update01.bin(错误)](字符串),,,,A5B69BF3FF050200022A4CB6A5,A5B69BF3FF050200022A4CB6A5,0.0,0.0,--
262,2026-06-07 16:26:28.757,N-02,错误固件验证结果,,,,,设备正确返回校验失败(ERROR),1.0,1.0,通过
263,2026-06-07 16:26:31.773,N-03,加载正确固件,大小=6408字节,,,,已加载 config\update02.bin (6408 字节),0.0,0.0,--
264,2026-06-07 16:26:31.775,N-03,发送准备传输(0x0502) [update02.bin(正确)],,A5B69BF30105020002FE65B6A5,准备传输固件,,,0.0,0.0,--
265,2026-06-07 16:26:33.070,N-03,固件数据发送完成 [update02.bin(正确)],大小=6408字节,,,,已发送 6408 字节原始数据,0.0,0.0,--
266,2026-06-07 16:26:33.773,N-03,等待固件校验结果 [update02.bin(正确)],,,,A5B69BF30205020102FF982FB6A5,执行成功(OK),0.0,0.0,--
267,2026-06-07 16:26:33.773,N-03,等待固件校验结果 [update02.bin(正确)](字符串),,,,A5B69BF30205020102FF982FB6A5,A5B69BF30205020102FF982FB6A5,0.0,0.0,--
268,2026-06-07 16:26:35.895,N-03,发送执行升级(0x0503),,A5B69BF301050300023E34B6A5,命令 命令字=0x0503,A5B69BF30205030102FF642EB6A5,执行成功(OK),0.0,0.0,--
269,2026-06-07 16:26:35.895,N-03,发送执行升级(0x0503)(字符串),,,,A5B69BF30205030102FF642EB6A5,A5B69BF30205030102FF642EB6A5,0.0,0.0,--
270,2026-06-07 16:26:40.835,N-03,等待升级后心跳,,,,A5B600080588880002FAA1B6A5,心跳帧,0.0,0.0,--
271,2026-06-07 16:26:40.835,N-03,等待升级后心跳(字符串),,,,A5B600080588880002FAA1B6A5,A5B600080588880002FAA1B6A5,0.0,0.0,--
272,2026-06-07 16:26:41.540,N-03,发送OTA验证帧(0x0888),"ts=1780820800, float=12.55",A5B6000801088808026A252B404148CCCD55E9B6A5,命令 命令字=0x0888,A5B6000802088808026A252B4042A2A7FD02E2B6A5,原始数据: 6A 25 2B 40 42 A2 A7 FD,0.0,0.0,--
273,2026-06-07 16:26:41.541,N-03,发送OTA验证帧(0x0888)(字符串),"ts=1780820800, float=12.55",,,A5B6000802088808026A252B4042A2A7FD02E2B6A5,A5B6000802088808026A252B4042A2A7FD02E2B6A5,0.0,0.0,--
274,2026-06-07 16:26:41.544,N-03,OTA验证结果,"发送=12.55, 期望=81.32, 实收=81.33",,,,"时间戳=True, 浮点数=True (期望81.32, 实际81.33)",0.0,0.0,--
275,2026-06-07 16:26:41.544,N-03,升级结果验证,,,,,心跳=True; 0x0888验证=True,1.0,1.0,通过
